code,Sigungu,address,lon,lat
111121,吝备,吝备 傣荐泵辨 15 (矫没辑家巩喊包 3悼),126.9747,37.5643
111123,辆肺备,辆肺备 辆肺35啊辨 19 (辆肺5.6啊悼 林刮季磐),127.0050,37.5720
111131,侩魂备,侩魂备 茄巢措肺 136 (辑匡漂喊矫 吝何扁贱背腊盔),127.0048,37.5400
111141,堡柳备,堡柳备 堡唱风肺 571 (备狼酒府荐沥荐季磐 郴),127.0925,37.5472
111142,己悼备,己悼备 兑级肺3辨 18 (己荐1啊 1悼 林刮季磐),127.0494,37.5419
111151,吝尔备,吝尔备 侩付魂肺 369 (扒碍啊沥瘤盔季磐),127.0940,37.5849
111152,悼措巩备,悼措巩备 玫龋措肺 13辨 43 (辑匡侩滴檬殿切背),127.0289,37.5758
111161,己合备,己合备 伙剧肺 2辨 70 (辨澜2悼 林刮季磐),127.0273,37.6067
111171,档豪备,档豪备 矫风豪肺 2辨 34 (街巩悼没家斥巩拳狼笼),127.0290,37.6542
111181,篮乞备,篮乞备 柳蕊肺 215 (茄惫券版魂诀扁贱盔),126.9348,37.6098
111191,辑措巩备,辑措巩备 技八沥肺4辨 32 全力3悼 林刮季磐,126.9497,37.5938
111201,付器备,付器备 器篮肺6辨 10(父盔1悼 林刮季磐),126.9056,37.5556
111212,碍辑备,碍辑备 碍辑肺 45促辨 71 (拳邦3悼 仟弗甸没家斥档辑包),126.8351,37.5447
111221,备肺备,备肺备 啊付魂肺 27辨 45 (备肺绊殿切背),126.8897,37.4985
111231,康殿器备,康殿器备 剧魂肺 23辨 11 (寸魂1悼 林刮季磐),126.8974,37.5250
111241,悼累备,悼累备 荤寸肺 16酒辨 6 (荤寸4悼 林刮季磐),126.9715,37.4809
111251,包厩备,包厩备 脚覆悼辨 14 (脚覆悼 林刮季磐),126.9271,37.4874
111261,碍巢备,碍巢备 切悼肺 426 (碍巢备没 喊包1悼),127.0481,37.5176
111262,辑檬备,辑檬备 脚馆器肺 15辨 16 (馆器2悼 林刮季磐),126.9945,37.5046
111273,价颇备,价颇备 归力绊盒肺 236(伙傈悼 林刮季磐),127.0925,37.5027
111274,碍悼备,碍悼备 备玫搁肺 42辨 59 (玫龋1悼 林刮季磐),127.1368,37.5450
111281,陛玫备,陛玫备 陛窍肺 21辨 20 (矫蕊5悼 林刮季磐),126.9083,37.4524
111291,碍合备,碍合备 伙剧肺139辨 49 (快捞悼 林刮季磐),127.0119,37.6479
111301,剧玫备,剧玫备 吝居肺 52辨 56(脚沥4悼 巩拳季磐),126.8566,37.5260
111311,畴盔备,畴盔备 惑拌肺 23辨 17 盔磐青汗惯傈家,127.0679,37.6574
221112,堡汗悼,吝备 堡汗肺 55锅辨 10 堡汗悼 林刮季磐 苛惑,129.0305,35.0999
221172,措楷悼,巢备 荐康肺 196锅辨 80 何魂傍诀绊殿切背 傍傍角嚼厘 苛惑,129.0877,35.1303
221181,切厘悼,荤惑备 措悼肺 205 切厘檬殿切背 苛惑,128.9842,35.1462
221182,傣玫悼,合备 傣玫2辨 10 傣玫檬殿切背 款悼厘 巢率 拳窜,129.0062,35.2078
221202,厘覆悼,荤窍备 厘覆肺 161锅辨 2 厘覆1悼林刮季磐 苛惑,128.9669,35.0830
221152,傈器悼,何魂柳备 傈器措肺 209锅辨 26 愁捞付风 郴,129.0638,35.1560
221221,楷魂悼,楷力备 吝居措肺 1065锅辨 1001 踌澜堡厘 芒绊 苛惑,129.0746,35.1811
221141,怕辆措,康档备 傈噶肺 24 怕辆措蜡盔瘤包府家 ,129.0799,35.0598
221191,没锋悼,陛沥备 没锋肺 25 没锋畴器悼 林刮季磐 苛惑,129.0895,35.2755
221192,谅悼,秦款措备 剧款肺 91 谅1悼 林刮季磐 苛惑,129.1742,35.1706
221211,措历悼,碍辑备 眉腊傍盔肺 43 碍辑眉腊傍盔 郴,128.9731,35.2087
221212,踌魂悼,碍辑备 踌魂魂窜 382肺 49锅辨 39 何魂券版傍窜踌魂荤诀家,128.8631,35.0864
221231,扁厘谰,扁厘焙 扁厘谰 谰郴肺 69 扁厘檬殿切背 苛惑,129.2158,35.2387
221251,何邦悼,陛沥备 何邦肺 156锅辨 7 何邦2悼 林刮季磐 苛惑,129.0927,35.2298
221271,堡救悼,荐康备 堡救肺21锅啊辨 57 茄官促吝切背 苛惑,129.1181,35.1575
221163,疙厘悼,悼贰备 疙厘肺 32 疙厘1悼 林刮季磐 苛惑,129.1043,35.2049
221233,侩荐府,扁厘焙 沥包搁 侩荐肺4 沥包谰林刮季磐 苛惑,129.1802,35.3256
221241,荐沥悼,悼备 备没肺 1 悼备没 瘤惑,129.0454,35.1294
221281,措脚悼,辑备 措脚肺 150 何魂惫刮眉腊季磐 3摸苛惑,129.0157,35.1174
221282,傣器悼,荤惑备 伙傣肺 83(傣器檬殿切背 款悼厘 合辑率 拳窜),128.9851,35.1744
221283,俺陛悼,何魂柳备 俺陛悼 208-48 俺陛3悼 绢赴捞愁捞磐 瘤惑,129.0230,35.1552
221284,寸府悼,荤窍备 力籍肺 41 倡悼檬殿切背 款悼厘 悼祈 拳窜,128.9737,35.1052
221193,犁价悼,秦款措备 季乓悼肺 191 悼何窍荐贸府厘 糠 傍盔,129.1210,35.1832
221142,没切悼,康档备 没切巢肺 13锅辨 18 没切悼绢匡覆付寸,129.0596,35.0908
221183,拳疙悼,合备 拳疙悼 2280 厘固盔 ,129.0102,35.2334
221213,疙瘤悼,碍辑备 疙瘤悼 3513-3  航躲傍盔 ,128.9265,35.1066
221253,雀悼悼,陛沥备 陛荤肺 217 雀悼付风,129.1208,35.2295
422114,荐芒悼,吝备 崔己肺 22辨 30 荐芒檬殿切背 苛惑,128.5841,35.8743
422115,瘤魂悼,荐己备 公切肺 209 (茄惫券版傍窜 措备版合瘤开夯何),128.6316,35.8305
422121,辑龋悼,悼备 救缴肺 49辨 70(辑龋悼25-1) 馆具岿檬殿切背 苛惑,128.7110,35.8691
422132,捞泅悼,辑备 惫盲焊惑肺 135 吝府檬殿切背 苛惑,128.5453,35.8696
422141,措疙悼,巢备 己寸肺 30辨 55 己疙檬殿切背 苛惑,128.5711,35.8455
422153,(企尖)畴盔悼,合备 3傍窜肺 14辨 31 伙康檬殿切背 苛惑,128.5629,35.8943
422154,脚鞠悼,悼备 酒剧肺 37辨 92 脚鞠5悼 林刮季磐 苛惑,128.6331,35.8898
422155,怕傈悼,合备 磨邦 吝居措肺 52辨 56 怕鞠檬殿切背 苛惑,128.5507,35.9230
422161,父锰悼,荐己备 惫盲焊惑肺 1000 悼盔檬殿切背 苛惑,128.6400,35.8653
422171,龋覆悼,崔辑备 己辑傍窜肺 11辨 32 措备扁拌何前楷备盔 1悼 苛惑,128.4887,35.8379
422201,蜡啊谰,崔己焙 蜡啊谰 豪府 597-1 厚浇傍盔,128.4600,35.7000
422203,矫瘤悼,荐己备 畴函傍盔肺 52 畴函檬殿切背,128.6976,35.8376
422204,柳玫悼,崔辑备 岿硅肺 131 岿硅檬殿切背,128.5287,35.8167
422205,促荤谰,崔己焙 概邦肺12辨 37 促荤谰林刮磊摹季磐,128.4572,35.8649
422206,夯悼,崔辑备 备付肺 26辨 62 夯悼青沥汗瘤季磐 苛惑,128.5411,35.8344
422207,郴寸悼,辑备 辑措备肺 3辨 46  郴寸4悼 青沥汗瘤季磐 3摸 苛惑,128.5519,35.8590
422208,魔魂悼,合备 苛魂肺 17辨 21 老吝切背,128.5844,35.8876
422209,拳盔谰,崔己焙 拳盔谰 牢蕊1辨 12 拳盔疙邦眉腊傍盔 ,128.5050,35.7973
422158,魂拜悼,合备 楷鞠肺40 矫没喊包 105悼 3摸 苛惑,128.6021,35.8933
823611,脚蕊,吝备 辑秦措肺 471 焊扒券版楷备盔 4摸 苛惑,126.6348,37.4684
823621,价覆,悼备 陛邦肺 67 悼备狼雀 4摸 苛惑,126.6436,37.4740
823631,备岿悼,巢悼备 备岿富肺 7 备岿4悼 青沥汗瘤季磐 3摸 苛惑,126.7241,37.4496
823632,件狼,固眠圈备 刀沥救辨26 (件狼悼) 侩沥檬殿切背 苛惑,126.6498,37.4639
823641,何乞,何乞备 何乞措肺 88锅辨 19 何乞悼檬殿切背 4摸 苛惑,126.7243,37.5000
823651,楷锐,辑备 缴邦肺 98 牢犁俺惯盔 4摸 苛惑,126.6809,37.5417
823652,八窜,辑备 八窜肺 502锅辨 15 八窜 免厘家 2摸 苛惑,126.6614,37.6020
823662,拌魂,拌剧备 拌剧魂肺134锅辨 18 拌剧档辑包 3摸 苛惑,126.7303,37.5462
823671,绊儡,巢悼备 篮豪肺 82 牢玫瘤规吝家亥贸扁诀没 苛惑,126.6969,37.4047
823681,籍巢,辑备 芭合肺 116 籍巢2悼 林刮季磐 3摸 苛惑,126.6746,37.5027
823691,价秦,碍拳焙 价秦搁 傈噶措肺 29 价秦搁荤公家 2摸 苛惑,126.4634,37.7645
823701,悼冕,楷荐备 盔牢犁肺 115 楷荐备狼雀 3摸 苛惑,126.6786,37.4096
823702,款辑,吝备 康辆措肺 85 康辆档辑包 3摸 苛惑,126.4885,37.4958
823704,稠泅,巢悼备 稠泅 没瓷措肺 611锅辨 54 辟赴傍盔 郴,126.7263,37.4042
823801,盔寸,辑备 绊魂饶肺 121锅辨 7 八窜急荤冠拱包 2摸 苛惑,126.6984,37.5945
823706,价档,楷荐备 肮国肺 12 抛农畴颇农 3摸 苛惑,126.6547,37.3821
823705,没扼,辑备 农府胶呕肺 131 荐龙沥拳矫汲包府悼 2 苛惑,126.6373,37.5366
823802,辨惑,碍拳焙 辨惑搁 碍拳悼肺 1 5- 1 辨惑搁焊扒瘤家 2摸 苛惑,126.4913,37.6406
823803,伙魂,何乞备 伙魂悼 443-1 矫沉拱傍盔 拳厘角 1摸 苛惑,126.7364,37.5128
831493,康蕊,克柳焙 康蕊搁 康蕊肺251锅辨 90,126.4835,37.2560
823672,辑芒,巢悼备 辑芒悼 681 辑芒绢匡辟赴傍盔,126.7460,37.4274
823613,康辆,吝备 窍疵吝居肺 132 康辆窍疵档辑包 苛惑,126.5639,37.4947
823707,酒鞠,楷荐备 季飘凡肺 350 价档崔蝴绵力 傍盔 瘤厘,126.6324,37.4052
823637,林救,固眠圈备 备岿巢肺 27 林救档辑包 苛惑,126.6926,37.4556
324115,辑籍悼,悼备 辑巢肺 1 悼备没 焊扒家 苛惑,126.9233,35.1458
324121,丑己悼,辑备 丑己1悼 惑公措肺 1165 堡林矫赋固贱包 惑废傈矫包,126.8885,35.1549
324133,滴鞠悼,合备 焙空肺 141锅辨 6 滴鞠焊扒瘤家,126.9322,35.1739
324135,扒惫悼,合备 梅窜苞扁肺 333 堡林抛农畴颇农 亥贸瘤盔季磐,126.8603,35.2293
324141,(企尖) 价沥1悼,堡魂备 堡魂肺 70 价沥1悼 林刮季磐,126.7988,35.1407
324142,坷急悼,堡魂备 窍巢魂窜6锅肺 107 伙己堡林傈磊 券版救傈季磐 苛惑,126.8078,35.2044
324155,林岿悼,巢备 雀辑肺21锅啊辨 13 林岿1悼 林刮季磐 苛惑,126.8933,35.1319
324124,畴措悼,巢备 傣巢辨 7 (蝴绊阑 畴牢汗瘤季磐),126.8961,35.0990
324148,乞悼,堡魂备 乞悼魂窜肺 184-1(乞悼辆钦厚令聪胶季磐),126.7696,35.1238
324143,快魂悼,堡魂备 快魂悼1026-2 岿邦119 救傈季磐 糠 傍磐,126.8101,35.1576
324136,老邦悼,合备 葛锋措辨 68 堡林堡开矫 背烹巩拳楷荐盔 苛惑,126.8924,35.2181
324125,蜡锰悼,辑备 蜡锰悼 719-2 堡林焊扒券版楷备盔 脚没荤 苛惑,126.8442,35.1619
525111,谰郴悼,措傣备 措傈肺 1331锅辨 75 怕酒魂诀 苛惑,127.4172,36.3728
525112,巩乞悼,措傣备 巩乞悼肺18锅辨 34  巩乞119救傈季磐 苛惑,127.4047,36.4469
525121,巩芒悼,吝备 焊巩肺20锅辨 38  巩芒悼 林刮季磐 苛惑,127.4378,36.3161
525141,备己悼,蜡己备 措切肺 407  焊扒券版楷备盔 苛惑,127.3739,36.3724
525142,畴篮悼,蜡己备 畴篮悼肺87锅辨 89  畴篮1悼 林刮季磐 苛惑,127.3185,36.3682
525161,己巢悼,悼备 拌练肺368锅辨 70  己巢悼 林刮季磐 苛惑,127.4372,36.3444
525171,沥覆悼,辑备 沥覆悼肺 10  沥覆悼 林刮季磐 苛惑,127.3667,36.3045
525172,敌魂悼,辑备 敌魂辑肺 84  辟肺磊辆钦汗瘤雀包 3摸,127.3835,36.3544
525162,措己悼,悼备 悼备没肺 36 措傈巢何咯己啊练盔 糠,127.4601,36.3025
525143,惑措悼,蜡己备 档救措肺 398 措傈矫赋冠拱包 糠,127.3345,36.3352
525144,包乞悼,措傈堡开矫 蜡己备 包乞悼 771 悼拳匡荐函傍盔 郴,127.3959,36.4252
238120,措价悼,悼备 措价5辨 10 措价悼 林刮季磐 苛惑,129.4184,35.5028
238121,己巢悼,吝备 货令谷秦芭府 28(丑蛆己巢痢),129.3205,35.5563
238122,何邦悼,巢备 贸侩肺 260-37 措版扁拌扁贱 夯包 苛惑,129.3390,35.4973
238123,咯玫悼,巢备 何滴肺 9 泅措磊悼瞒 浚柳傍厘 郴,129.3671,35.5156
238124,具澜悼,巢备 荐鞠肺 170 具澜吝切背 苛惑,129.3258,35.5261
238125,伙魂悼,巢备 伙魂吝肺 131锅辨 36 伙魂悼 林刮季磐 苛惑,129.3318,35.5444
238127,脚沥悼,巢备 豪岿肺 20锅辨 9 脚沥2悼 林刮季磐 ,129.3081,35.5347
238128,傣脚府,匡林焙 柯魂谰 疙豪芭巢肺 2 巢何辆钦荤雀汗瘤包 苛惑,129.3145,35.4348
238129,公芭悼,巢备 措切肺 147锅辨 38 公芭2悼 林刮季磐 苛惑,129.2608,35.5593
238130,瓤巩悼,合备 堪器肺 290-1 瓤巩七橇厘 郴,129.3711,35.5595
238371,拳魂府,匡林焙 柯魂谰 魂鞠肺 94 浅魂陛加 具寇林瞒厘,129.3376,35.4381
238373,惑巢府,匡林焙 没樊搁 脚傣窍3辨 5 没樊搁荤公家 苛惑,129.3059,35.4931
238374,丑家悼,合备 龋荐吝居肺 14 丑家款悼厘 林瞒厘,129.3580,35.6203
238375,伙巢搁,匡林焙 伙巢搁 辑氢背1辨 67-12 ,129.1138,35.5583
238376,距荤悼,吝备 辆啊肺 560 距荤绊殿切背 苛惑,129.3195,35.5679
238381,傈窍悼,悼备 柳己4辨 45 傈窍2悼 林刮季磐 3摸 苛惑,129.4267,35.5088
238377,旷锰搁,匡林焙 旷锰搁 货肺玫辨 12 旷锰搁荤公家 林瞒厘,129.2091,35.4615
238378,裹辑谰,匡林焙 裹辑谰 寸菊肺 14-50 玫惑沥荐荤诀家,129.2219,35.5706
541111,脚蕊悼,炼摹盔谰 焙没肺 87-16(技辆矫 炼摹盔没荤 苛惑),127.2921,36.5925
541112,酒抚悼,酒抚悼 焊惦3肺 114(酒抚悼 汗钦目孤聪萍季磐 苛惑),127.2472,36.5119
541113,茄贾悼,穿府肺 27 霉付阑 6窜瘤 包府荤公家 苛惑,127.2514,36.4761
541114,何碍搁,何碍搁 何碍寇玫肺 20(何碍搁 积劝巩拳瘤盔季磐 苛惑),127.3703,36.5270
131111,脚浅悼,荐盔矫 迫崔备 脚浅肺 23锅辨 68 急版档辑包,127.0105,37.2838
131112,牢拌悼,荐盔矫 迫崔备 瓤盔肺 241 荐盔矫没,127.0292,37.2634
131113,堡背悼,荐盔矫 康烹备 过炼肺 129(捞狼吝切背 苛惑),127.0708,37.2913
131114,康烹悼,荐盔矫 康烹备 康烹肺217锅辨 12 康烹2悼 林刮季磐,127.0563,37.2470
131115,玫玫悼,荐盔矫 厘救备 辑何肺 2066  己闭包措力2傍切包,126.9753,37.2928
131117,绊祸悼,荐盔矫 鼻急备 辑何肺 1600 瞒樊殿废荤诀家,126.9766,37.2526
131118,龋概角悼,荐盔矫 鼻急备 磨焊肺 161 龋概角悼林刮季磐 苛惑,126.9572,37.2662
131141,救剧6悼,救剧矫 父救备 救剧肺 170锅辨 23 救剧6悼 林刮季磐,126.9306,37.3901
131142,何覆悼,救剧矫 悼救备 矫刮措肺 235 救剧矫没 刮盔角 2摸,126.9580,37.3941
131144,龋拌悼,救剧矫 悼救备 版荐措肺 504 龋拌汗钦没荤 苛惑,126.9587,37.3676
131145,救剧2悼,救剧矫 父救备 救剧肺 384锅辨 50 救剧2悼 林刮季磐,126.9176,37.4051
131121,窜措悼,己巢矫 荐沥备 锐噶肺506锅辨 21 窜措悼 林刮季磐 苛惑,127.1554,37.4494
131123,沥磊悼,己巢矫 盒寸备 炔货匡肺18锅辨 14 沥磊悼 林刮季磐 苛惑,127.1114,37.3615
131124,荐郴悼,己巢矫 盒寸备 盒寸肺 50 盒寸备没 苛惑,127.1190,37.3826
131126,汗沥悼,己巢矫 荐沥备 己巢措肺 1416锅辨 22 惑荐档荤诀家,127.1312,37.4572
131128,款吝悼,己巢矫 盒寸备 款吝肺 138锅辨 10 款吝悼 林刮季磐 苛惑,127.0807,37.3905
131129,惑措盔悼,己巢矫 吝盔备 敌锰措肺 425 惑措盔1悼 林刮季磐 苛惑,127.1645,37.4329
131131,狼沥何悼,狼沥何矫 裹榜肺 138 版扁档档肺荤诀家 苛惑,127.0408,37.7356
131132,狼沥何1悼,狼沥何矫 啊瓷肺 152锅辨 14 狼沥何1悼 林刮季磐 苛惑,127.0477,37.7463
131133,价魂3悼,狼沥何矫 刮遏悼 886 仟弗付寸 辟赴傍盔 牢辟 楷搬踌瘤(价剧蜡摹盔苞 刮遏玫 荤捞),127.1059,37.7481
131161,枚魂悼,堡疙矫 矫没肺 20 堡疙矫没 力1喊包 苛惑(3摸),126.8652,37.4786
131163,家窍悼,堡疙矫 家窍1肺 7 家窍档辑包,126.8880,37.4455
131191,绊儡悼,救魂矫 窜盔备 拳尔肺 387 救魂矫没,126.8304,37.3221
131192,盔矫悼,救魂矫 窜盔备 魂窜肺 112 辟肺磊汗瘤包,126.8122,37.3346
131193,夯坷悼,救魂矫 惑废备 阿榜肺 75 夯坷2悼 林刮季磐,126.8723,37.2963
131194,盔邦悼,救魂矫 窜盔备 盔急肺 91 盔邦2悼 林刮季磐,126.8019,37.3316
131195,何邦悼,救魂矫 惑废备 己龋肺 326 何邦悼 林刮季磐,126.8611,37.3320
131196,措何悼,救魂矫 窜盔备 措何吝居肺 97-9 措何悼 林刮季磐,126.5853,37.2437
131197,龋荐悼,救魂矫 窜盔备 救魂玫巢肺 119 剧瘤吝切背 ,126.8335,37.3049
131341,厚傈悼,乞琶矫 版扁措肺 245 乞琶矫没 苛惑,127.1128,36.9923
131342,救吝,乞琶矫 救吝谰 救泅肺 400 救吝谰荤公家 苛惑,126.9314,36.9859
131343,乞琶亲,乞琶矫 器铰谰 乞琶亲肺184锅辨 38 茄惫魂诀窜瘤傍窜,126.8455,36.9746
131344,价合悼,乞琶矫 瘤魂2肺 113 价合悼 青沥汗瘤季磐 苛惑,127.0601,37.0816
131345,没合谰,乞琶矫 没合谰 救没肺2辨 60 没合巩拳季磐 瘤惑,126.9182,37.0203
131346,绊傣搁, 乞琶矫 绊傣搁 咯堪府 4246 辆傣檬殿切背 苛惑,127.0462,37.0533
131201,喊剧悼,苞玫矫 内坷氛肺 53 巩盔檬殿切背 苛惑,126.9943,37.4239
131202,苞玫悼,苞玫矫 惑窍国肺 17 券版荤诀家 盒储贸府悼 2摸,127.0023,37.4491
131211,背巩悼,备府矫 酒瞒魂肺 439 备府矫没 苛惑,127.1297,37.5945
131212,悼备悼,备府矫 悼备釜肺 217-14 悼备绢赴捞笼 苛惑,127.1381,37.6186
131222,何邦3悼,狼空矫 傣康措肺 166 (伙悼) 何邦悼 没家斥 巩拳狼笼 苛惑,126.9572,37.3177
131223,绊玫悼,狼空矫 矫没肺11 狼空矫没 刮盔角,126.9690,37.3442
131381,青脚悼,绊剧矫 傣剧备 拳脚肺 148 青脚 硅荐瘤,126.8419,37.6249
131382,侥荤悼,绊剧矫 老魂悼备 困矫萍肺 151 剧老檬殿切背,126.8134,37.6855
131384,脚盔悼,绊剧矫 傣剧备 脚盔2肺 24 脚盔档辑包 苛惑,126.8867,37.6664
131385,林勘悼,绊剧矫 老魂辑备 林勘肺 104(林勘绢赴捞档辑包 苛惑),126.7564,37.6683
131392,版救悼,堡林矫 吝居肺 128 丑蛆吝居雀 苛惑,127.2579,37.4112
131394,坷器谰,堡林矫 坷器谰 坷器肺 859锅辨 29(坷器谰荤公家),127.2286,37.3662
131395,帮瘤鞠,堡林矫 帮瘤鞠谰 堡咯肺 59 帮瘤鞠谰青沥汗瘤季磐 苛惑,127.3523,37.3510
131501,寸悼,焙器矫 魂夯肺197锅辨 36 寸悼档辑包,126.9452,37.3537
131502,魂夯悼,焙器矫 没归府辨 6 焙器矫咯己雀包 苛惑,126.9336,37.3617
131231,沥空悼,矫蕊矫 沥空措肺233锅辨 19 沥空焊扒瘤家 苛惑,126.7401,37.3468
131232,矫拳魂窜,矫蕊矫 傍窜1措肺 204 (矫拳蜡烹惑啊 27悼),126.7241,37.3372
131233,措具悼,矫蕊矫 汗瘤肺 37 (促促目孤聪萍季磐),126.7884,37.4431
131234,格皑悼,矫蕊矫 贾绊俺肺 33 (格皑傍盔),126.8618,37.3861
131235,厘泅悼,矫蕊矫 矫没肺 20 固贰虐框绢赴捞笼 苛惑,126.8040,37.3801
831151,家荤夯悼,何玫矫 版牢烤肺 73 (家荤绢匡付寸),126.7999,37.4800
831152,郴悼,何玫矫 伙累肺 109 脚蕊悼 林刮磊摹季磐 苛惑,126.7737,37.5203
831153,吝2悼,何玫矫 缴吝肺 121 氓付风 档辑包 苛惑,126.7701,37.4939
831154,坷沥悼,何玫矫 己坷肺 172 (坷沥酒飘圈),126.7962,37.5280
131241,陛邦悼,巢剧林矫 版冕肺 1037 巢剧林矫没脚包,127.2162,37.6356
131242,坷巢谰,巢剧林矫 坷巢谰 柳扒坷巢肺 806-34 坷巢谰荤公家,127.2047,37.6987
131243,喊郴悼,巢剧林矫 喊郴吝居肺 148(拳立檬殿切背 苛惑),127.1159,37.6529
131244,拳档谰,巢剧林矫 拳档谰 厚锋肺 59(拳档谰荤公家 苛惑),127.3007,37.6578
131246,客何谰,巢剧林矫 客何谰 档邦辨 7 傣家吝切背 饶包悼 苛惑,127.2268,37.5809
131247,柳立谰,巢剧林矫 柳立谰 陛碍肺 1509-26 柳立坷巢青沥汗瘤季磐 苛惑,127.1898,37.7264
131411,辫樊厘悼,侩牢矫 贸牢备 陛飞肺 50 贸牢备没,127.2014,37.2345
131412,荐瘤,侩牢矫 荐瘤备 荐瘤肺 342锅辨 3 浅傣玫1悼 林刮季磐,127.0951,37.3279
131413,扁蕊,侩牢矫 扁蕊备 包邦肺 95 扁蕊备没,127.1151,37.2802
131415,葛泅谰,侩牢矫 贸牢备 葛泅谰 刀痢肺 31-6 葛泅谰荤公家(3摸) 苛惑,127.2423,37.3295
131416,捞悼谰,侩牢矫 贸牢备 捞悼谰 版扁悼肺 673,127.1962,37.1411
131417,归鞠搁,侩牢矫 贸牢备 归鞠搁 归鞠肺185锅辨 12,127.3750,37.1631
131471,荤快悼,辫器矫 倒巩肺 51 荤快悼 林刮季磐,126.7168,37.6193
131472,绊锰谰,辫器矫 绊锰谰 脚邦肺 152 辫器惑窍荐档荤诀家,126.7628,37.6067
131473,岿谤搁,辫器矫 岿谤搁 焙窍肺 263 岿谤搁 林刮磊摹季磐 苛惑,126.5529,37.7151
131474,茄碍脚档矫,辫器矫 剧锰谰 剧邦2肺 30锅辨 46 (辫器刀赋款悼扁充包 苛惑),126.6291,37.6533
131531,坷魂悼,坷魂矫 版扁悼肺 51 绊侩汗瘤敲矾胶季磐,127.0771,37.1592
131541,脚厘悼,窍巢矫 措没肺 10 窍巢矫没 辆钦刮盔角,127.2146,37.5391
131542,固荤,窍巢矫 酒府荐肺 531 固荤2悼 青沥汗瘤季磐 苛惑,127.1861,37.5670
131551,巢剧谰,拳己矫 巢剧己瘤肺 192-5 巢剧谰林刮季磐,126.8240,37.2115
131552,氢巢,拳己矫 氢巢谰 惯救肺 89 氢巢谰荤公家 苛惑,126.9202,37.1324
131553,悼藕,拳己矫 悼藕馆籍肺 87 悼藕2悼 林刮季磐 苛惑,127.0723,37.1969
131555,没拌悼,拳己矫 悼藕鉴券措肺22辨 13 (抗贾檬殿切背 苛惑),127.1195,37.1961
131554,快沥谰,拳己矫 快沥谰 街豪肺 109-14(快沥谰荤公家 苛惑),126.8154,37.0898
131556,货贾悼,拳己矫 货贾悼 荐畴阑吝居肺 178 (货贾悼 青沥汗瘤季磐 苛惑),126.8187,37.2814
131557,豪淬谰,拳己矫 豪淬谰 基付阑1辨 8-4 (拳己矫赋豪淬档辑包 苛惑),126.9491,37.2196
131558,辑脚搁,拳己矫 辑脚搁 泵乞亲肺 1702 辑脚搁荤公家 苛惑,126.7088,37.1665
131561,归籍谰,剧林矫 归籍谰 厕唱公肺 199 厕唱公档辑包,126.9872,37.7924
131562,绊谰,剧林矫 绊谰巢肺 205(没家斥巩拳狼笼 苛惑),127.0843,37.7926
131571,焊魂悼,悼滴玫矫 轿府富肺28 焊魂悼 林刮季磐,127.0613,37.9176
131581,豪魂悼,救己矫 矫没辨 25 救己矫没 侥寸悼 苛惑,127.2799,37.0076
131583,傍档谰,救己矫 傍档谰 傍档4肺 8 (傍档谰 林刮季磐),127.1726,37.0012
131584,磷魂搁,救己矫 磷魂搁 巢何辨 60 悼救辑矫刮汗瘤季磐 苛惑,127.4244,37.0745
131591,吝居悼,咯林矫 咯蕊肺11锅辨 26 吝居悼林刮季磐,127.6289,37.2987
131592,措脚搁,咯林矫 措脚搁 啦锰1辨 12-10,127.5847,37.3712
131593,啊巢谰,咯林矫 啊巢谰 怕乞吝居1辨 20 啊巢谰青沥汗瘤季磐 苛惑,127.5452,37.2019
131601,楷玫,楷玫焙 楷玫谰 瞒泅肺 58 楷玫焙没 瘤开版力苞 苛惑,127.0748,38.0964
131611,啊乞谰,啊乞焙 啊乞谰 籍豪肺 181 狼雀悼 苛惑,127.5098,37.8312
131612,汲厩搁,啊乞焙 汲厩搁 茄辑肺 8 汲厩搁  青沥汗瘤季磐 苛惑,127.4947,37.6762
131621,侩巩搁,"剧乞焙 侩巩搁 侩巩肺 395, 侩巩档辑包 苛惑",127.5962,37.4872
131622,剧乞谰,剧乞焙 剧乞谰 付蜡魂肺 17 居乞焙 焊扒家 苛惑,127.4866,37.4971
131442,芒傈悼,捞玫矫 康芒肺 163锅辨 28 绢福脚桨磐,127.4409,37.2835
131443,厘龋盔谰,捞玫矫 厘龋盔谰 坷巢府 27 傍康林瞒厘 涝备,127.6297,37.1143
131444,何惯谰,捞玫矫 何惯谰 公锰肺 117 (何惯焊扒瘤家 苛惑),127.4867,37.2833
131371,陛锰悼,颇林矫 饶邦肺 13 背腊巩拳雀包 喊包 苛惑,126.7739,37.7563
131372,款沥,颇林矫 客籍鉴券肺 470 茄惫配瘤傍荤,126.7564,37.7232
131374,颇林谰,颇林矫 颇林谰 背腊辨 13 颇林矫 刮规困背腊厘,126.8332,37.8308
131453,急窜悼,器玫矫 伙腊荤肺2186锅辨 11-15 急窜焊扒瘤家 苛惑,127.1592,37.8535
131454,老悼搁,器玫矫 拳悼肺 1099锅辨 30(老悼搁荤公家 苛惑),127.3173,37.9612
132112,吝居肺,冕玫矫 吝居肺辨 135 冕玫矫焊扒家 3摸 苛惑,127.7205,37.8756
132113,籍荤悼,冕玫矫 寇贾辨 17 碍盔档 俺惯傍荤,127.7495,37.8571
132118,脚荤快悼,冕玫矫 荤快4辨 26 脚荤快档辑包 苛惑,127.7282,37.9054
632132,苛玫悼,碍釜矫 版碍肺 2179 苛玫悼 林刮季磐 苛惑,128.9030,37.7600
632121,吝居悼,盔林矫 面沥辨 12 吝居悼 林刮季磐 苛惑,127.9475,37.3528
632122,馆邦悼,盔林矫 硅匡肺215 硅匡眉腊傍盔,127.9771,37.3356
632124,巩阜谰,盔林矫 巩阜谰 扒殿肺 11 巩阜谰荤公家,127.8173,37.3128
632151,玫邦悼,悼秦矫 玫邦肺 77 悼秦矫没,129.1145,37.5250
632161,巢剧悼,伙么矫 巢剧辨 11 巢剧悼林刮磊摹季磐 3摸 苛惑,129.1684,37.4426
632171,乞芒谰,乞芒焙 乞芒谰 辆何肺 61(乞芒焙焊扒狼丰盔 2摸 苛惑),128.3890,37.3607
632432,染己焙,染己焙 染己谰 吝居肺 30 染己焙 模券版鞭侥季磐 苛惑,127.9829,37.4899
632441,惑府,绊己焙 埃己谰 荐己肺 160 具寇傍埃(拳窜),128.4637,38.3811
132402,剧备谰,剧备焙 剧备谰 包傍辑肺 33 剧备背腊瘤盔没 WEE季磐 2摸苛惑,127.9898,38.1092
632372,沥急谰荤公家,沥急焙 沥急谰 沥急肺 1331 沥急谰荤公家,128.6616,37.3797
632451,剧剧焙,剧剧焙 剧剧谰 巢巩肺 39 焙狼雀 苛惑,128.6184,38.0750
632461,加檬矫,加檬矫 吝居矫厘肺 43 陛龋悼林刮季磐 苛惑,128.5882,38.2069
632491,康岿谰,康岿焙 康岿谰 窍价府 81-107 瓷悼硅荐七橇厘 沥巩,128.4625,37.1740
632472,枚盔焙,枚盔焙 哎富谰 伙何楷肺 51 枚盔巩拳盔 苛惑,127.3125,38.1471
632481,全玫谰,全玫焙 全玫谰 楷豪悼肺 27 全玫扁惑包螟家,127.8803,37.6838
632501,拳玫焙,拳玫焙 拳玫谰 拳玫货较辨 45 拳玫焙没,127.7084,38.1064
632511,怕归矫,怕归矫 怕赫肺 21 矫没 沥巩规氢 林瞒厘,128.9867,37.1629
632521,牢力焙,牢力焙 牢力谰 巢合府 426-1 牢力焙扁惑包螟家 瘤惑,128.1668,38.0602
533112,价沥悼,没林矫 蕊傣备 流瘤措肺 393 面合巩拳犁楷备盔 苛惑,127.4368,36.6447
533113,荤玫悼,没林矫 没盔备 荤朵肺 61锅辨 88-14 没林没盔档辑包 2摸 苛惑,127.4749,36.6661
533114,侩淬悼,没林矫 惑寸备 侩淬悼 154-11 扼老遏家傍盔,127.5036,36.6358
533115,侩鞠悼,没林矫 惑寸备 吝蕊肺 29 侩鞠1悼林刮季磐苛惑,127.5013,36.6088
633211,坷芒谰,没林矫 没盔备 坷芒谰 坷芒吝居肺 48 阿府吝切背 苛惑,127.4220,36.7091
633213,魂巢悼,"没林矫 辑盔备 盔蕊肺 81 没林瘤规过盔 沥巩 规氢 林瞒厘, 滴波厚积怕傍盔",127.4674,36.6137
633214,坷价谰,没林矫 蕊傣备 坷价谰 坷价积疙肺 150 坷价谰荤公家 喊包 瘤惑,127.3251,36.6325
633215,啊傣搁,没林矫 惑寸备 啊傣搁 焊没措肺 4650 啊傣搁荤公家 ,127.5485,36.5536
633122,龋鞠悼,面林矫 吝盔措肺 3324 面林矫没家斥荐访盔,127.9262,36.9646
633123,磨陛悼,面林矫 磨陛吝居肺 37 磨陛陛釜悼林刮季磐,127.9192,36.9821
633124,吝居啪搁,面林矫 吝居啪搁 扁诀档矫肺 237 辑面林 惫傍赋绢府捞笼,127.8227,37.0165
633125,混固搁,面林矫 混固搁 技己府 335-2 混固搁 青沥汗瘤季磐 林瞒厘,127.9641,36.9052
633131,厘遏悼,力玫矫 郴力肺 318 力玫矫赋档辑包,128.2207,37.1451
633132,康玫悼,力玫矫 没浅龋肺8辨 7 厚痢坷堪盔 包府矫汲 瘤惑,128.2006,37.1241
633133,没浅搁,力玫矫 没浅搁 没浅龋肺 2115 没浅搁青沥汗瘤季磐 瘤惑,128.1677,37.0002
633311,概器谰,窜剧焙 概器谰 乞悼33辨 3 概器焊扒瘤家 付寸,128.2957,37.0334
633312,窜己搁,窜剧焙 窜己搁 面去肺 52-1 窜己焊扒瘤家 ,128.3207,36.9392
633313,窜剧谰,窜剧焙 窜剧谰 喊邦 6辨 26 傍汲款悼厘 傍吝拳厘角 苛惑,128.3656,36.9872
633411,柳玫谰,柳玫焙 柳玫谰 惑魂肺 65(谰郴府 370-1) 柳玫谰荤公家 苛惑,127.4414,36.8551
633412,傣魂谰,柳玫焙 傣魂谰 措岿肺 90 酋脚档矫傍盔 包府荤公家 苛惑,127.5390,36.9020
634111,苛玫谰,苛玫焙 苛玫谰 吝居肺 99 苛玫焙没 烹钦包力季磐 苛惑,127.5712,36.3064
633471,康悼谰,康悼焙 康悼谰 拌魂肺 2辨 25 (康悼饭牢焊快 档辑包 苛惑),127.7778,36.1728
633481,刘乞谰,刘乞焙 刘乞谰 价魂府 123-2锅瘤 (吝拌七橇厘 何瘤郴),127.5870,36.7922
633362,鲍魂谰,鲍魂焙 鲍魂谰 辑何府 377-1 稠圭瘤措,127.7893,36.8075
633363,皑拱搁,鲍魂焙 皑拱搁 面刮肺脚措辨 13 皑拱搁荤公家 瘤惑,127.8745,36.8369
633462,澜己谰,澜己焙 澜己谰 吝居肺 49 澜己焙焊扒家 扒碍刘柳季磐 苛惑,127.6889,36.9289
633463,家捞搁,澜己焙 家捞搁 措厘府 93-1 家捞搁 傈玫饶霸捞飘杭厘 傍磐,127.7574,36.9227
633491,焊篮谰,焊篮焙 焊篮谰 伙魂肺 50 焊篮谰 青沥汗瘤季磐 苛惑,127.7170,36.4837
534111,己炔悼,玫救矫 悼巢备 汗磊1辨 24(己炔悼 35-13) 巩己绢赴捞笼(2摸 苛惑),127.1521,36.8143
534112,归籍悼,玫救矫 辑合备 归籍悼窜1肺 20(归籍悼 555-57) 归籍丑傍窜瘤包府荤公家(2摸 苛惑),127.1106,36.8251
534115,己芭谰,玫救矫 己芭谰 玫蕊府 8辨7(玫蕊魂诀窜瘤 包府荤公家 林瞒厘),127.2074,36.8834
534116,脚规悼,玫救矫 悼巢备 玫救玫函辨 127 讣篮拱荤诀家 窍荐贸府厘,127.1229,36.7844
534431,(企尖) 抄瘤档府,寸柳矫 籍巩搁 措龋父肺 2888-14(抄瘤档府 533) 措龋丑绢刮汗瘤季磐(4摸 苛惑),126.4624,37.0213
534434,寸柳矫没荤,寸柳矫 矫没1肺 1 (寸柳矫没荤),126.6458,36.8899
534432,(企尖) 沥邦府,寸柳矫 价厩谰 脚笛备瘤辨 3(沥邦府 66-12) 沥邦付阑雀包 (2摸 苛惑),126.7234,36.9419
534433,价魂搁,寸柳矫 价魂搁 蜡邦肺 342-27 (傍傍窍企荐贸府矫汲 苛惑),126.7164,36.9765
534421,刀谤府,辑魂矫 措魂谰 乞脚1肺 茄惫荐磊盔傍荤 措魂魂诀侩荐季磐,126.3853,36.9897
534422,悼巩悼,辑魂矫 吝居肺 38-1(悼巩悼 915) 辑魂檬殿切背 4悼 背荤 (2摸 苛惑),126.4561,36.7799
534423,措魂府,辑魂矫 措魂谰 面狼肺 1942 措魂辆钦矫厘 苛惑,126.4339,36.9380
534424,己楷搁,辑魂矫 己楷搁 付风甸辨 15 焊扒瘤家 苛惑,126.4609,36.8391
534441,葛辆悼,酒魂矫 锅康肺 224锅瘤 20(葛辆悼 573-2) 酒魂矫焊扒家 (4摸 苛惑),127.0145,36.7829
534442,硅规谰,酒魂矫 硅规谰 硅规肺 38(硅规谰荤公家 苛惑),127.0539,36.7738
534443,档绊搁,酒魂矫 档绊搁 扁邦府 296-4,126.8887,36.7625
534444,敌器搁,酒魂矫 敌器搁 籍邦府 1481,127.0596,36.9143
534445,牢林搁,酒魂矫 牢林搁 吧概府 1048,126.8798,36.8734
534451,稠魂,稠魂矫 矫刮肺 389 (秒鞠悼青沥汗瘤季磐 2摸苛惑),127.0871,36.1994
534452,楷公谰荤公家,稠魂矫 楷公谰 救缴肺 50 楷公谰荤公家 苛惑,127.0991,36.1251
534453,己悼搁,稠魂矫 己悼搁 魂诀窜瘤肺5辨 73-28 稠魂瘤规魂诀窜瘤 扁槛荤 苛惑,127.0439,36.2154
534462,捞盔搁,怕救焙 捞盔搁 盒瘤辨 14 (捞盔搁荤公家 1摸 唱悼 苛惑),126.2805,36.8697
534463,怕救谰,怕救焙 怕救谰 焙没6辨(巢巩府 711-6)(怕救焙 厘局牢汗瘤包),126.3015,36.7467
534465,盔合搁,怕救焙 盔合搁 惑府扁 17-4 盔合搁 焊扒瘤家 苛惑,126.2572,36.8242
534481,措玫2悼,焊飞矫 吝居肺 142-16 (措玫2悼 林刮季磐 苛惑),126.5897,36.3531
534482,林背搁,焊飞矫 林背搁 匡拌奴辨 396(林背搁荤公家 苛惑),126.5693,36.3908
534491,全己谰,全己焙 全己谰 郴器肺 136锅辨 29 (蠢萍唱公 绢赴捞笼 苛惑),126.6551,36.5977
534492,郴器,全己焙 全合谰 全抗傍盔肺 8 焊扒券版券版楷备盔 何瘤 郴 1摸,126.6680,36.6533
534342,傍林,傍林矫 豪炔肺 1 (傍林矫狼雀 苛惑),127.1192,36.4470
534343,藕玫搁,傍林矫 藕玫搁 救磐货富辨 34 救康1府 版肺寸 苛惑,127.0671,36.3086
534411,何咯谰,何咯焙 何咯谰 荤厚肺 36 (何咯谰青沥汗瘤季磐 苛惑),126.9113,36.2755
534502,没剧谰,没剧焙 没剧谰 磨癌魂肺 7辨 54(没剧焙 焊扒狼丰盔 苛惑),126.8049,36.4552
534503,沥魂搁荤公家,没剧焙 沥魂搁 辑沥府 44 沥魂目孤聪萍季磐(青汗付阑磐) 苛惑,126.9454,36.4150
534501,陛魂谰,陛魂焙 陛魂谰 厚龋肺 69(陛魂谰荤公家 喊包 苛惑),127.4907,36.1072
534471,抗魂焙,抗魂焙 抗魂谰 脚蕊辨 63 抗魂谰 促格利畴牢雀包 苛惑,126.8489,36.6774
534472,火背谰,抗魂焙 火背谰 滴府3辨 33 火背谰 青沥汗瘤季磐 苛惑,126.7392,36.6881
534510,决荤搁,拌锋矫 决荤搁 锅康7辨 17 (决荤档辑包 苛惑),127.2379,36.2870
735520,辑玫谰,辑玫焙 辑玫谰 辑玫肺 14锅辨 20 (辑玫谰 巩抗狼傈寸 林瞒厘),126.6979,36.0762
735521,辑搁,辑玫焙 辑搁 辑牢肺 761 (辑搁焊扒瘤家 苛惑),126.5493,36.1529
735522,厘亲谰,"辑玫焙 厘亲谰 厘魂肺 297 茄惫枚档矫汲傍窜 何瘤 郴, 傍盔肺 瘤惑1摸",126.6941,36.0091
335115,畴价悼,傈林矫 肯魂备 拱空钢3辨 29 傈林档矫酋脚季磐 苛惑,127.1480,35.8287
735111,伙玫悼,傈林矫 肯魂备 侩府肺 107 傈林矫赋伙玫档辑包 苛惑,127.1218,35.7990
735114,迫汗悼,傈林矫 傣柳备 辑蓖肺 107 傈林矫 没家斥 磊蜡季磐苛惑,127.0870,35.8515
735115,价玫悼,傈林矫 傣柳备 悼何措肺 1183(价玫悼2啊)(丑荐魂拱档概矫厘 包府悼 苛惑),127.1175,35.8674
735117,酋脚悼,傈林矫 傣柳备 吝悼肺 150 傈林 酋脚档矫 荐龙汗盔季磐 菊 傍盔,127.0627,35.8465
735121,脚浅悼,焙魂矫 措切肺 215 脚浅悼林刮季磐,126.7007,35.9729
735122,家锋悼,焙魂矫 寇亲1辨 222  吩单林幅3摸 苛惑,126.6514,35.9733
735123,俺沥悼,焙魂矫 锅康肺 339-5 悼荤公家2摸苛惑,126.7545,35.9644
735124,苛魂搁,焙魂矫 魂己肺 200 苛魂搁荤公家 苛惑,126.7484,35.9395
735125,厚览档悼,焙魂矫 货父陛肺 43 厚览 119 救傈季磐 苛惑,126.5411,35.9438
735127,家锋悼2,焙魂矫 家锋悼 1641-4 磊悼瞒蓝钦扁贱盔 楷备角氰悼 苛惑,126.5970,35.9585
735132,(企尖)巢吝悼,劳魂矫 牢合肺32辨 1 劳魂矫狼雀 苛惑,126.9579,35.9483
735136,窃凯谰,劳魂矫 窃凯吝居肺 83 劳魂矫没 合何没惑 苛惑,126.9663,36.0780
735133,迫豪悼,劳魂矫 公空肺 1338 劳魂家规辑苛惑,127.0042,35.9616
735134,葛泅悼,劳魂矫 硅魂肺 189-10 没家斥 巩拳狼笼 苛惑,126.9414,35.9546
735131,伙扁搁,劳魂矫 炔陛肺 513 伙扁搁 青沥汗瘤季磐 苛惑,126.9841,36.0203
735135,侩悼搁,劳魂矫 侩悼搁 侩悼 1辨 80-4 侩悼汗瘤雀包 苛惑,126.9918,36.1097
735151,磷亲悼,巢盔矫 厚籍辨 72 磷亲悼 林刮季磐 苛惑,127.3846,35.4077
735141,楷瘤悼,沥谰矫 炼邦玫 1辨 7. 咯己巩拳包 苛惑,126.8459,35.5684
735142,脚怕牢,沥谰矫 脚怕牢吝居肺 14(脚怕牢谰荤公家 苛惑),126.8868,35.6880
735143,康颇悼, 沥谰矫 康颇悼 232-1 沥谰傍傍窍荐贸府矫汲 苛惑,126.8528,35.6090
735161,绊芒谰,绊芒焙 绊芒谰 岿邦傍盔1辨 36 绊芒焙咯己雀包 苛惑,126.7130,35.4373
735162,缴盔搁,绊芒焙 缴盔搁 缴盔肺 211 缴盔搁荤公家 苛惑,126.5511,35.5246
735171,何救谰,何救焙 青救搁 函魂肺 16 何救丑诀牢雀包 苛惑,126.7199,35.7294
735173,拌拳搁,何救焙 拌拳搁 埃犁肺 405 拌拳搁荤公家 苛惑,126.6981,35.7916
735181,夸锰悼,辫力矫 夸锰吝辨 50 夸锰悼 林刮季磐 苛惑,126.8914,35.8049
735191,绊魂搁,肯林焙 绊魂搁 绊魂肺 69-13(绊魂搁林刮磊摹季磐 苛惑),127.2055,35.9764
735192,豪悼谰,肯林焙 豪悼谰 伙豪肺 933 豪悼谰青沥汗瘤季磐 3摸 苛寇堡厘,127.1661,35.9418
735193,备捞搁,肯林焙 备捞搁 傣玫傈盔辨 232-58 措茄刮惫 贱抛付冠拱包 ,127.1355,35.7291
735201,柳救谰,柳救焙 柳救谰 柳公肺 1189(柳救焙焊扒家 苛惑),127.4349,35.7972
735371,公林谰,公林焙 公林谰 氢切肺 49(公林谰荤公家 苛惑),127.6621,36.0087
735361,烙角谰,烙角焙 烙角谰 豪炔肺 144(烙角谰荤公家 苛惑),127.2794,35.6134
735362,包锰搁,烙角焙 包锰搁 荤急1辨 13 包锰搁 青沥汗瘤季磐 苛惑,127.2707,35.6738
735381,鉴芒谰,鉴芒焙 鉴芒谰 版玫肺 33 鉴没焙没 3摸 苛惑,127.1374,35.3744
735391,厘荐谰,厘荐焙 厘荐谰 龋厚肺 10 厘荐焙没 苛惑,127.5212,35.6474
336121,辑碍悼,咯荐矫 辑背1辨 28-1(辑碍悼林刮磊摹季磐 3摸 苛惑),127.7260,34.7411
336124,岿郴悼,咯荐矫 魂窜肺 1201(券版包府林侥雀荤 咯荐荤诀家 2贸府厘 苛惑),127.7246,34.8502
336125,巩荐悼,咯荐矫 咯巩1肺 71 巩荐悼 林刮季磐 苛惑,127.7029,34.7546
336127,咯玫悼,咯荐矫 公急肺 190 咯玫悼 林刮季磐 何瘤 郴 ,127.6524,34.7774
336128,傣面悼,咯荐矫 傣面救辨 95 父傣悼 林刮季磐 苛惑 ,127.7468,34.7539
336223,伙老悼,咯荐矫 惑鞠肺 601-1(备.惑鞠焊扒瘤家),127.7318,34.8250
336222,啦锰搁,咯荐矫 啦锰搁 悼魂俺辨 2(备.啦锰焊扒瘤家),127.5788,34.8819
336221,拳剧搁,咯荐矫 拳剧搁 乞锰辨 2-6(拳悼版肺寸 苛惑),127.5975,34.6857
336352,吝悼,堡剧矫 吝付吝居肺 109 堡剧家规辑 苛惑,127.6977,34.9399
336353,怕牢悼,堡剧矫 怕牢辨 376 怕牢悼 企沥荐厘 郴 苛惑,127.7571,34.9419
336354,柳惑搁,堡剧矫 柳惑搁 脚矫辨 227 柳惑搁荤公家 苛惑,127.7196,35.0200
336355,堡剧谰,堡剧矫 堡剧谰 牢傣肺 1100 堡剧矫没 力2没荤 苛惑,127.5823,34.9808
336131,厘玫悼,鉴玫矫 厘疙肺 30 鉴玫矫没 喊包 苛惑,127.4891,34.9476
336132,楷氢悼,鉴玫矫 楷氢锅康辨 54 楷氢档辑包 苛惑 ,127.5186,34.9471
336133,鉴玫父,鉴玫矫 鉴玫父辨 513-25 磊楷积怕包 苛惑,127.5098,34.8855
336134,龋滴府,鉴玫矫 秦锋搁 龋滴辨 127 龋滴沥荐厘 郴,127.5730,34.8935
336135,脚措,鉴玫矫 秦锋搁 概救肺 162 脚措档辑包 苛惑  ,127.5484,34.9364
336111,侩寸悼,格器矫 悼何肺31锅辨20 侩寸1悼 林刮季磐 苛惑,126.3916,34.8060
336112,何蕊悼,格器矫 伙氢玫肺 28 何蕊悼 林刮季磐,126.4346,34.8043
336441,唱阂府,康鞠焙 伙龋谰 唱阂肺 192 康鞠家规辑 苛惑,126.4392,34.7668
336442,康鞠谰,康鞠焙 康鞠谰 开府 119 康鞠 辆钦胶器飘鸥款 具备厘,126.7006,34.8075
336141,蝴啊恩悼,唱林矫 蝴啊恩肺 719(蝴啊恩悼 林刮季磐 苛惑),126.7904,35.0217
336151,淬剧谰,淬剧焙 淬剧谰 眠己肺 1371(淬剧焙没 脚包 苛惑),126.9882,35.3210
336161,厘己谰,厘己焙 厘己谰 康玫肺 211(厘己谰荤公家 苛惑),126.7854,35.3032
336361,秦巢谰,秦巢焙 秦巢谰 巢何鉴券肺 114 秦巢谰荤公家 ,126.5992,34.5652
336461,康堡谰,康堡焙 康堡谰 拱公肺2辨 61 康堡谰荤公家 苛惑,126.5120,35.2780
336471,厘蕊谰,厘蕊焙 厘蕊谰 蕊己肺 23 沥巢柳档辑包 苛惑,126.9067,34.6750
336481,柳档谰,柳档焙 柳档谰 柳档措肺 7195 柳档咯己敲扼磊 苛惑,126.2688,34.4793
336491,脚瘤搁,肯档焙 脚瘤搁 脚瘤肺 567 丑绢锰扒碍刘柳季磐 苛惑,126.8286,34.3344
336501,窃乞谰,窃乞焙 窃乞谰 吝居辨 39 窃乞谰 畴牢汗瘤雀包 苛惑,126.5228,35.0621
336452,拳鉴谰,拳鉴焙 拳鉴谰 悼清辨 9-24 拳鉴焙 CCTV 包府季磐 苛惑,126.9859,35.0653
336511,绊蕊谰,绊蕊焙 绊蕊谰 巢拌府 837-3 绊蕊谰荤公家 苛惑,127.2807,34.6063
336521,脚救焙,脚救焙 救谅搁 吝何肺 860 傈玫饶霸捞飘杭厘 辟贸,126.1261,34.7555
336531,公救谰,公救焙 公救谰 己郴1辨 2 公救谰荤公家 苛惑,126.4765,34.9905
336541,碍柳谰,碍柳焙 碍柳谰 悼己府 501-14 荤狼犁 牢辟 林瞒厘,126.7707,34.6446
336561,备肥谰,备肥焙 备肥谰 悼祈力辨 30 焊扒狼丰盔 沥脚焊扒季磐 苛惑,127.4610,35.2157
336551,邦己谰,邦己焙 邦己谰 切沥3辨 6 邦己焙没 魂覆苞 苛啪,127.2899,35.2833
336571,国背谰,焊己焙 国背谰 眉腊傍盔辨 35 包傣沥,127.3470,34.8415
336572,焊己谰,焊己焙 焊己谰 泅面肺 42-36 盔豪3备 雀包 畴牢寸 苛惑,127.0782,34.7649
437112,厘蕊悼,器亲矫 巢备 枚碍肺 331 傍窜沥荐厘,129.3748,35.9802
437113,厘樊悼,器亲矫 合备 惑蕊肺 98 合备焊扒家,129.3803,36.0707
437114,措档悼,器亲矫 巢备 措秦肺 138 惑措悼 林刮季磐,129.3658,36.0188
437115,措价搁,器亲矫 巢备 措价搁 厘悼全拌辨19 措价搁荤公家 苛惑,129.3600,35.9684
437116,3傍窜,器亲矫 巢备 措价搁 枚碍魂窜肺 130锅辨 29 3傍窜硅荐瘤,129.3768,35.9631
437117,价档悼,器亲矫 巢备 绵亲肺 55 价覆檬殿切背 喊包 4摸 苛惑,129.3756,36.0301
437118,坷玫谰,器亲矫 巢备 坷玫谰 趁玫肺320锅辨 4-11 坷玫谰刮汗瘤雀包 3摸 苛惑,129.4087,35.9668
437119,没覆悼,器亲矫 巢备 脚亲肺 10 没覆悼林刮汗瘤季磐 3摸 苛惑,129.4054,35.9974
437120,楷老谰,器亲矫 巢备 楷老谰 悼巩肺 67 楷老汗瘤雀包 苛惑,129.3522,35.9963
437121,力枚悼,器亲矫 巢备 牢傣肺 57 牢傣绢匡覆汗瘤雀包 苛惑,129.3977,35.9900
437151,傍窜悼,备固矫 魂龋措肺 239 辟肺磊辆钦汗瘤雀包 苛惑,128.3858,36.1019
437152,盔乞悼,备固矫 备固吝居肺24 盔乞2悼 林刮季磐 苛惑,128.3258,36.1308
437153,屈邦悼,备固矫 版篮肺 85 备固矫赋档辑包 苛惑,128.3386,36.1108
437154,4傍窜,备固矫 魂悼搁 梅窜扁诀1肺 17 备固傈磊沥焊扁贱盔 酋脚包 苛惑,128.4394,36.1372
437156,柳固悼,备固矫 捞拌合肺 149 柳固悼 青沥汗瘤季磐 苛惑,128.4188,36.1061
437131,巩寸悼,辫玫矫 款悼厘辨1(辫玫角郴荐康厘 第祈),128.0884,36.1446
437132,措堡悼,辫玫矫 傍窜2辨 30-22 乞积背腊盔 喊包 2摸 苛惑,128.1372,36.1441
437133,啦邦悼,辫玫矫 酋脚4肺 21啦邦悼 林刮季磐 苛惑,128.1839,36.1215
437122,己扒悼,版林矫 陛己肺 370 己扒悼 林刮季磐 苛惑,129.2076,35.8507
437123,焊傣悼,版林矫 版皑肺 587-18  胶付飘固叼绢季磐 瘤惑,129.2870,35.8351
437124,救碍谰,版林矫 救碍谰 厚拳悼辨 9-40 措茄畴牢雀 版林矫瘤雀 救碍谰盒雀 苛惑,129.2270,35.9907
437125,寇悼谰,版林矫 寇悼谰 涝角肺3辨 31 寇悼焊扒瘤家 苛惑,129.3236,35.7157
437141,疙符悼,救悼矫 硼拌肺 115 救悼矫没 版刮包 苛惑,128.7280,36.5683
437161,啊蕊悼,康林矫 啊蕊悼 魂45-7 矫赋档辑包,128.6132,36.8212
437171,吝规悼,版魂矫 巢概肺 158 沥脚焊扒季磐 苛惑,128.7433,35.8250
437172,窍剧谰,版魂矫 窍剧谰 陛遏府 魂8-1 窍剧谰 扁惑没何瘤 瘤惑,128.8145,35.9126
437181,惑林矫,惑林矫 合玫肺 63(合巩悼 林刮季磐),128.1578,36.4289
437191,磨邦焙,磨邦焙 恐包谰 包巩肺1辨 30(磨邦焙 焊扒家 扒碍刘柳季磐 苛惑),128.4185,35.9907
437402,康玫矫,康玫矫 矫没肺 23 喊蝴流厘绢赴捞笼,128.9378,35.9729
437421,匡柳焙,匡柳焙 匡柳谰 谰郴10辨 19 匡柳谰荤公家 苛惑,129.4029,36.9972
437431,籍器搁,豪拳焙 籍器搁 籍器肺1辨 55  籍器搁荤公家 菊,129.0653,37.0486
437432,豪拳焙,豪拳焙 豪拳谰 豪拳肺 1111 豪拳焙没 涝备,128.7316,36.8927
437542,匡釜谰,匡釜焙 匡釜谰 档悼2辨 匡釜焙刮雀包 苛惑,130.9056,37.4841
437551,措啊具谰,绊飞焙 措啊具谰 厘扁府 魂19锅瘤 措啊具荐格盔 绊飞硅荐瘤 郴,128.2817,35.7262
437201,康傣谰,康傣焙 康傣谰 拳俺府 257-6 康傣焙刮款悼厘 糠,129.3638,36.4201
437203,康秦搁,康傣焙 康秦搁 抗林3辨 7 康秦搁青沥汗瘤季磐 苛惑,129.4072,36.5375
437412,狼己谰,狼己焙 狼己谰 焙没辨 31 狼己焙没 喊包 苛惑,128.6970,36.3527
437561,焙困焙,焙困焙 焙困谰 焙没肺 158(焙困辆钦抛聪胶厘 苛惑),128.5746,36.2379
437221,己林焙,己林焙 己林谰 己林肺 3258 喊绊阑背腊盔,128.2901,35.9175
437581,抗玫焙,抗玫焙 龋疙搁 青汗7辨 25-4 抗玫焙烹钦包力季磐 苛惑,128.4732,36.5768
437591,拳剧谰,没档焙 拳剧谰 档林包肺 159 拳剧谰荤公家 苛惑,128.7063,35.6498
735601,没价焙,没价焙 没价谰 陛岿肺230 康丑老磊府瘤盔季磐 苛惑,129.0564,36.4293
437571,康剧焙,康剧焙 康剧谰 焙没辨 37,129.1124,36.6667
437211,巩版矫,巩版矫 矫没2辨 45 葛傈档辑包 苛惑,128.1862,36.5868
238111,雀盔悼,芒盔矫 付魂雀盔备 雀盔悼 11辨 7 雀盔1悼 林刮季磐,128.5739,35.2181
238112,豪鞠悼,芒盔矫 付魂雀盔备 豪剧肺 148 豪鞠悼 林刮季磐,128.6025,35.2176
238141,疙辑悼,芒盔矫 狼芒备 快邦肺 101锅辨 28 疙辑2悼 林刮季磐,128.6440,35.2403
238142,旷巢悼,芒盔矫 己魂备 傍窜肺 303 ⑦瓤己甭胶乔傅,128.6575,35.2115
238143,己林悼,芒盔矫 己魂备 寇府肺14锅辨 18 己林悼 刮盔季磐 苛惑,128.7111,35.1994
238144,侩瘤悼,芒盔矫 狼芒备 侩瘤肺 239锅辨 19-4 侩瘤悼 林刮季磐,128.6840,35.2363
238146,荤颇悼,芒盔矫 己魂备 芒捞措肺 706锅辨 16-23 荤颇悼 林刮季磐,128.6983,35.2217
238151,版拳悼,芒盔矫 柳秦备 版拳肺 16锅辨 31 捍鞠悼 林刮季磐,128.6895,35.1550
238152,岿康悼,芒盔矫 钦器备 岿康悼 16辨 22 付魂钦器档辑包 苛惑,128.5629,35.1831
238113,郴辑谰,芒盔矫 付魂雀盔备 郴辑谰 堡妨肺 8 伙拌辟赴傍盔 ,128.5033,35.2259
238131,惑豪悼,柳林矫 厚豪肺 85锅辨 12 惑豪悼 林刮季磐 惑豪泅厘刮盔角,128.0781,35.1983
238132,措救悼,柳林矫 柳林措肺 1052 吝家扁诀篮青,128.0837,35.1921
238133,惑措悼,柳林矫 悼柳肺 279 茄惫傈仿傍荤,128.1225,35.1809
238134,沥锰搁,柳林矫 沥锰搁 抗窍府 1340 抗窍檬殿切背 菊 傍盔,128.0997,35.1248
238161,窍悼谰,窍悼焙 窍悼谰 焙没肺 23,127.7514,35.0677
238181,悼惑悼,辫秦矫 龋拌肺 517锅辨 8 悼惑悼 林刮季磐,128.8834,35.2369
238182,伙规悼,辫秦矫 劝玫肺 303 脚绢檬殿切背,128.9118,35.2443
238183,厘蜡悼,辫秦矫 厘蜡搁 瓷悼肺 149 厘蜡扒碍瘤盔季磐,128.8072,35.2024
238184,柳康谰,辫秦矫 柳康谰 辫秦措肺 365锅辨 6-24 柳康扒碍刘柳季磐 苛惑,128.7312,35.3078
238201,酒林悼,芭力矫 酒林肺 3辨 7 酒林悼 林刮季磐 苛惑,128.6922,34.8660
238203,绊泅悼,芭力矫 拌锋肺 125 芭力矫没 苛惑,128.6211,34.8808
238361,合何悼,剧魂矫 合救巢5辨 21 吝居悼林刮季磐,129.0410,35.3458
238362,旷惑谰,剧魂矫 伙龋9辨 11 旷惑畴牢汗瘤雀包,129.1720,35.4144
238363,拱陛谰,剧魂矫 拱陛谰 炔魂肺 384 拱陛谰青沥汗瘤季磐 苛惑,128.9872,35.3106
238211,荤玫谰,荤玫矫 荤玫谰 谰郴肺 52 荤玫谰荤公家,128.0912,35.0828
238212,氢锰悼,荤玫矫 氢锰5辨 氢锰青沥汗瘤季磐 苛惑,128.0933,34.9338
238401,郴老悼,剐剧矫 吝居肺 346 郴老悼 林刮季磐 苛惑,128.7542,35.4937
238411,公傈悼,烹康矫 救俺4辨 53 公傈悼 林刮季磐 苛惑,128.4324,34.8572
238421,绊己谰,绊己焙 绊己谰 吝居肺 35 绊己谰焊扒瘤家 2摸 苛惑,128.3243,34.9745
238431,芭芒谰,芭芒焙 芭芒谰 芭凯肺 90 芭芒谰荤公家 1摸 苛惑,127.9039,35.6880
238441,啊具谰,窃救焙 啊具谰 窃救措肺 505 啊具谰青沥汗瘤季磐 苛惑,128.4081,35.2723
238451,窃剧谰,窃剧焙 窃剧谰 绊款肺 35 窃剧焙没 刮盔豪荤苞 苛惑,127.7250,35.5203
238461,巢秦谰,巢秦焙 巢秦谰 唱秦措肺 2745 巢秦蜡硅巩切包 苛惑,127.8990,34.8319
238471,魂没谰,"魂没焙 魂没谰 魂浚没肺 6, 魂没焙 咯己雀包 苛惑",127.8741,35.4150
238491,狼飞谰,狼飞焙 狼飞谰 辑悼府 8辨 44(辑悼府) 辑悼积劝傍盔 瘤惑,128.2538,35.3158
238501,芒崇谰,芒崇焙 芒崇谰 快器2肺 1189-35 芒崇焙 焊扒家 沥脚扒碍汗瘤季磐 苛惑,128.4905,35.5438
238511,钦玫谰,钦玫焙 钦玫谰 吝居肺 61 钦玫谰荤公家 辆樊力 芒绊 苛惑,128.1576,35.5661
339111,捞档悼,力林矫 堡剧9辨 10 矫没喊包 3摸 苛惑,126.5324,33.5001
339112,楷悼,力林矫 巩楷肺 30 力林漂喊磊摹档 力2没荤 苛惑,126.5001,33.4886
339113,炼玫谰,力林矫 炼玫谰 炼玫府 1176-1 炼玫谰 眉腊包,126.6424,33.5379
339114,茄覆谰,力林矫 茄覆谰 茄覆府 887-2 茄覆谰 眉腊包,126.2681,33.4094
339121,悼全悼,辑蓖器矫 怕乞肺439锅辨 17,126.5653,33.2465
339122,己魂谰,辑蓖器矫 己魂谰 老林悼肺 4120锅辨 7 悼何家规辑,126.9101,33.4602
339131,措沥谰,辑蓖器矫 措沥谰 悼老窍葛肺149锅辨 21-8  措沥没家斥荐访包,126.2475,33.2279
339123,巢盔谰,辑蓖器矫 巢盔谰 巢茄肺 67 辑蓖器矫 悼何畴牢汗瘤雀包,126.7149,33.2843
831492,归飞档,克柳焙 归飞搁 楷拳府 魂 241-2,124.6340,37.9647
831494,楷乞档,克柳焙 楷乞搁 楷乞肺 485 (楷乞府 631) 窍唱雀包 苛惑,125.6996,37.6662
831495,匡档,克柳焙 傣利搁 匡档府 85 傈,125.9961,37.0250
534464,拜纺厚凯档,怕救焙 辟蕊疙 啊狼档辨 44-71 辑秦 辆钦 扁惑包螟家 苛惑,125.5579,36.6261
534484,寇楷档,焊飞矫 坷玫搁 寇楷档府 魂64 秋扁厘 糠,126.0825,36.2290
735126,富档,焙魂矫 苛档搁 富档府 魂1-4 富档 亲肺钎瘤包荤公家 郴,126.3157,35.8584
336462,救付档,康堡焙 倡岿搁 康寇府 魂 118 救付档 傍磐何瘤 ,126.0211,35.3458
336522,全档,傈巢 脚救焙 孺魂搁 全档府 95-97,125.2016,34.6971
336523,啊芭档,傈巢 脚救焙 孺魂搁 啊芭档府 魂 4 啊芭档 殿措何瘤 郴,125.0989,34.0949
437541,怕窍府,匡釜焙 辑搁 怕窍殿措辨 188 匡釜档 殿措,130.7967,37.5223
339312,绊魂府,力林矫 茄版搁 绊魂府 3762,126.1622,33.2925
831481,籍葛府,碍拳焙 伙魂搁 籍葛府 347-4  (秦捍 1935何措),126.2835,37.7054
831491,傣利档,旷柳焙 傣利搁 柳府 魂 35-4,126.1493,37.2330
131441,汲己搁,捞玫矫 汲己搁 脚鞘府 魂 88-6 困己傈颇皑矫季磐 何瘤 郴 瘤惑,127.5536,37.1375
131451,包牢搁,器玫矫 包牢搁 荤沥府 140 器玫磊楷付阑,127.2526,38.1238
131373,颇林,颇林矫 焙郴搁 烹老锰辨 220 厘窜免厘家 郴,126.7311,37.9062
131991,楷玫(DMZ),楷玫焙 吝搁 炔魂府 魂108-1,126.9737,38.1296
632421,埃己谰,绊己焙 埃己谰 汝府飞1辨 63,128.3852,38.2874
132993,牢力(DMZ),绊己焙 荐悼搁 脚藕府 魂6锅瘤 51楷措 44家檬 牢辟,128.2481,38.3896
132994,绊己(DMZ),绊己焙 荐悼搁 寇搁府 魂14锅瘤 22荤窜 56楷措,128.2803,38.5665
132401,规魂搁,剧备焙 家浅沥辨 212-24,127.9586,38.2244
632371,合乞搁,沥急焙 合乞搁 价籍辨 146-7 沥急焙 丑诀扁贱季磐,128.6648,37.4302
632431,摹厩魂,染己焙 碍覆搁 怕辆肺 42 碍覆搁荤公家,128.1251,37.3601
132991,枚盔(DMZ),枚盔焙 枚盔谰 伙疙府1345(6荤窜 2楷措 魂疙龋 牢辟),127.1695,38.3032
132992,拳玫(DMZ),拳玫焙 拳玫谰 浅魂府 魂269,127.7813,38.2274
633361,没玫搁,鲍魂焙 没玫搁 价巩肺傣乞辨 54-13 傣乞 刮盔豪荤角,127.8047,36.7309
633461,陛空,澜己焙 陛空谰 公必肺 370 陛空傍汲款悼厘 郴,127.6045,36.9941
534461,颇档府,怕救焙 家盔搁 颇档辨 51-19 颇档檬殿切背 牢辟,126.1344,36.7382
534341,荤邦搁,傍林矫 荤邦搁 付邦荤肺 293-106 荤邦吝切背,127.0309,36.5263
735351,款鞠搁,烙角焙 款鞠搁?没款肺 630-10 ?,127.1863,35.6105
735172,货父陛,何救焙 函魂搁 货父陛肺 470 啊仿硅荐癌巩包府家 郴,126.5592,35.6971
336451,价窜府,拳鉴焙 合搁 价窜辨 370-99,127.1751,35.1769
437371,(企尖) 瘤前搁,康傣焙 瘤前搁 脚救府魂6-2 瘤前沥荐厘 郴,129.2870,36.4477
437202,碍备搁,康傣焙 碍备搁 碍备府 167 碍备措霸绵备厘 ,129.3902,36.3629
437401,拳合搁,康玫矫 拳合搁 玫巩肺 2304-21,128.9278,36.1127
437411,救拌,狼己焙 救拌搁 困剧府 111 救拌沥荐厘郴,128.4564,36.3688
238481,巢惑搁,芭芒焙 巢惑搁 牢乞辨 36 巢惑搁荤公家 汗瘤雀包,127.9102,35.6432
238241,措魂搁,芒盔矫 狼芒备 措魂搁 哎傈肺99锅辨 100,128.6757,35.3731
238191,历备府,芭力矫 巢何搁 历备府 魂 116锅瘤,128.5873,34.7101
111122,茄碍措肺,侩魂备 茄碍措肺 405 辑匡开菊,126.9704,37.5491
111124,没拌玫肺,吝备 没拌玫肺 184 没拌4啊荤芭府 巢碍呼爹 菊,126.9981,37.5686
111125,辆肺,辆肺备 辆肺 169 辆功林瞒厘 菊,126.9965,37.5709
111143,碍函合肺,己悼备 碍函合肺 257 茄碍荤诀夯何糠,127.0420,37.5387
111153,(企尖) 悼措巩,吝备 厘面窜肺 228 悼措巩开荤巩拳傍盔 9锅免备,127.0079,37.5655
111154,全釜肺,悼措巩备 全釜肺 1 没樊府傈枚开 荤芭府 SC力老篮青 菊,127.0444,37.5805
111162,沥釜肺,己合备 沥釜肺 8-164 (辨澜伐橇),127.0260,37.6035
111202,脚锰肺,付器备 畴绊魂悼 57-62,126.9361,37.5551
111213,傍亲措肺,碍辑备 付邦悼 727-1091 (付邦开 吝居瞒肺沥幅厘 糠),126.8247,37.5602
111232,康殿器肺,康殿器备 康吝肺 37 (康殿器矫厘荤芭府),126.9046,37.5193
111242,悼累措肺,悼累备 悼累措肺 144 (捞荐开 合窜 滚胶吝居瞒肺),126.9803,37.4854
111263,档魂措肺,碍巢备 档魂措肺 104 (脚荤开2锅免备 菊),127.0203,37.5160
111264,碍巢措肺,辑檬备 碍巢措肺 201 辑檬备刮雀包 菊 吝居瞒肺,127.0357,37.4818
111275,玫龋措肺,碍悼备 玫龋措肺 1151(辨悼荤芭府 碍悼己葛夸剧捍盔 菊),127.1393,37.5341
111312,拳尔肺,畴盔备 拳尔肺 429 (怕釜涝备开 8锅 免备),127.0751,37.6177
111282,矫蕊措肺,陛玫备 刀魂悼 996-9 矫蕊措肺 茄剧荐磊牢酒颇飘 菊,126.8987,37.4750
221162,柯玫悼,悼贰备 吝居措肺 1335锅辨 24 悼贰瘤窍枚开 ,129.0778,35.2067
221131,檬樊悼,悼备 吝居措肺 349锅辨 辣蕊脚厘焙 悼惑 糠,129.0463,35.1267
221901,何魂合亲,悼备 面厘措肺 314 磊己措何滴(包傍急何滴),129.0557,35.1228
221902,何魂脚亲,碍辑备 脚亲巢肺 416 何魂脚亲促格利磐固澄(林) 苛惑,128.8343,35.0750
422113,(企尖) 巢魂悼,吝备 崔备国措肺 2088 利绞磊捍盔 清趋狼笼 菊,128.5913,35.8654
422202,捞邦悼,崔辑备 捞邦悼 1258-2 捞邦1悼 林刮季磐 糠,128.5115,35.8512
422133,乞府悼,辑备 烹切肺 217 措乞吝切背 郴,128.5625,35.8803
823633,籍官困,巢备 林救6悼 1587 籍官困 伙芭府,126.6908,37.4578
823634,何乞开,何乞备 何乞措肺88锅辨 19 何乞悼檬殿切背 苛惑,126.7242,37.5000
823703,价泅,悼备 价泅悼 119 价泅函傈家 沥巩 菊,126.6372,37.4819
823612,辑秦,吝备 亲悼7啊 1-110 辑秦措肺函,126.6312,37.4605
823636,巢悼,巢悼备 备岿悼 1544 档肺函,126.7068,37.4406
823653,吝豪,辑备 籍巢悼 660-2 合亲硅饶窜瘤 力1龋 肯面 踌瘤,126.6479,37.5035
324123,摹乞悼,辑备 摹乞悼 1242 吩单付飘惑公痢 扒呈祈 牢档,126.8533,35.1516
324134,款鞠悼,合备 款鞠1悼 99 橇赴胶龋炮 扒呈祈 牢档,126.8569,35.1761
525151,措蕊悼2,吝备 吝居肺 58 急拳季飘凡轰 酒颇飘 扒呈祈,127.4183,36.3239
525173,岿乞悼,辑备 岿乞悼 160-5 岿乞磊悼瞒辆钦矫厘 涝备,127.3542,36.3511
238126,脚沥肺,巢备 巩荐肺 436,129.3010,35.5333
238379,合何鉴券档肺,吝备 怕拳悼 310(合何鉴券档肺) GS LPG 面傈家(怕拳) 菊,129.2810,35.5580
131125,己巢措肺(葛鄂开),己巢矫 荐沥备 己巢措肺 1229锅瘤 葛鄂开荤芭府,127.1291,37.4332
131120,措空魄背肺(归泅悼),己巢矫 盒寸备 魄背悼 652-1 归泅背瞒肺,127.1026,37.3825
131116,版荐措肺(悼荐盔),荐盔矫 迫崔备 牢拌悼 1047 悼荐盔荤芭府,127.0307,37.2765
831155,价郴措肺(吝悼),何玫矫 价郴措肺 262 拌巢傍盔荤芭府,126.7584,37.5053
131383,归付肺(付滴开),绊剧矫 老魂悼备 厘亲2悼 888 春内酒荤芭府,126.7779,37.6520
131198,吝居措肺(绊儡悼),救魂矫 窜盔备 吝居措肺 822 P1七橇厘 郴,126.8281,37.3167
131414,吝何措肺(备哎悼),侩牢矫 扁蕊备 备哎悼 505-3 踌绞磊荤芭府,127.1137,37.2753
131532,陛鞠肺(脚厘悼),坷魂矫 陛鞠悼 542-14,127.0521,37.1711
131245,版冕肺,巢剧林矫 促魂悼 魂3109-4 档丑开 菊,127.1630,37.6088
131475,茄碍肺,辫器矫 厘扁悼 1924-4 茄碍肺荤芭府 瘤惑,126.6751,37.6491
131236,辑秦救肺,矫蕊矫 辑秦救肺 277 苛备傍盔 瘤惑 沸杭版扁厘 菊,126.7110,37.3526
132119,柯狼悼,冕玫矫 柯狼悼 155-11 柯狼荤芭府,127.7208,37.5656
533116,汗措悼,没林矫 蕊傣备 汗措悼 111 魂窜腊芭府 背瞒痢 堡厘,127.4470,36.6344
534114,己己悼,玫救矫 己己悼 1-23锅瘤 伙己措肺函,127.1323,36.8393
534446,厘犁府,酒魂矫 厘犁府 2116 厘犁府 档肺函,127.1001,36.7844
735116,辑脚悼,傈林矫 肯魂备 辑脚悼 884 烹老堡厘荤芭府,127.1230,35.8334
437111,快泅悼,器亲矫 合备 快芒悼 176-4 快泅荤芭府,129.3607,36.0525
238145,馆价肺,芒盔矫 狼芒备 盔捞措肺 450,128.6647,35.2342
339211,畴屈肺,力林矫 畴屈肺 918锅瘤 (畴屈坷芭府 堡厘),126.4800,33.4857
221903,何魂亲,碍辑备 脚亲巢肺 354 何魂脚亲父 郴 ,128.7848,35.5479
823901,版牢亲,辑备 坷幅悼 版牢亲 牢玫 牧抛捞呈 何滴 郴,126.5951,37.5665
823902,牢玫亲,吝备 亲悼7啊 1-48 牢玫亲 郴亲 24龋 芒绊 菊 何瘤,126.6269,37.4616
238902,匡魂亲,巢备 概鞠肺 96 5何滴,129.3845,35.5157
132902,宫龋亲,悼秦矫 烙亲肺 121 秦剧荐魂 荤公家 糠 ,129.1109,37.5479
132901,悼秦亲,悼秦矫 价沥肺 1147 辑何滴 函傈角 苛惑,129.1232,37.4898
534901,乞琶寸柳亲,寸柳矫 脚乞搁 概魂府 976 辑何滴 规颇力殿措 糠,126.8217,36.9684
534902,措魂亲,辑魂矫 措魂谰 措磷府 1114 措魂亲 傍盔何瘤,126.4266,37.0126
534903,厘亲亲,辑玫焙 厘亲谰 厘魂肺 270-3 厘亲秦剧荐魂 荤公家 苛惑,126.6903,36.0080
735901,焙魂亲,焙魂矫 辑秦肺 194 焙魂亲 5何滴 亲父包府角 苛惑,126.5865,35.9744
336903,咯荐亲,咯荐矫 咯按急磐固澄辨 17 咯荐咯按磐固澄 郴,127.7333,34.7379
336902,堡剧亲,堡剧矫 牧何滴肺 316 堡剧亲 牧抛捞呈 磐固澄 郴,127.6682,34.9076
336901,格器亲,康鞠焙 伙龋谰 侩寸府 2169-1 侩寸何滴 郴 ,126.3918,34.7710
437901,器亲亲,器亲矫 巢备 脚亲肺 99-98 力4何滴 牢辟,129.4149,36.0060
238901,付魂亲,芒盔矫 己魂备 利泅肺 424 ,128.5912,35.1918
